
<scene name="images\\IMG_0024_Cube2" version="1.0"
        background-color="0 0 0"
        screen-width="50"
        screen-height="50">
		 <resolution
            screen-width="2000"
            screen-height="2000"/>
    <ambient-light color="255 255 255" ka="0.1"/>
	<directional-light color="200 10 200" direction="-0.8 0.3 -0.5"/>
	<directional-light color="30 30 30" direction="0 0.2 -1"/>

  <camera p0="1200 -1000 800" vTo="0 0 -1" vUp="0 -1 0" Screen-dist="50"/>
    <rotate x="0" y="28.6479" z="17.1887"/>
    <geometries>
        <cube p0="-400 400 -1000" p1="-400 -400 -1000" p2="400 -400 -1000" p3="400 400 -1000" bp="400 400 -1800" height="-800" emission="0 20 20" material="0.7 0.9 30"/>
	    <plane p="0 500 0" v="0 1 0" emission="80 80 80" material="1 1 1"/>
		<plane p="0 0 -2600" v="0 0 1" emission="60 60 60" material="1 1 1"/>
		<plane p="-1700 0 0" v="1 0 0" emission="60 60 60" material="1 1 1"/>
 </geometries>
</scene>
