
<scene name="images\\IMG_0025_Cube3" version="1.0"
        background-color="0 0 0"
        screen-width="50"
        screen-height="50">
		 <resolution
            screen-width="2000"
            screen-height="2000"/>
    <ambient-light color="255 255 255" ka="0.1"/>
	<directional-light color="200 10 200" direction="-0.8 0.3 -0.5"/>
	<directional-light color="30 30 30" direction="0 0.2 -1"/>

  <camera p0="1200 -1000 800" vTo="0 0 -1" vUp="0 -1 0" Screen-dist="50"/>
    <rotate x="0" y="28.6479" z="17.1887"/>
    <geometries>
        <cube p0="-440 440 -960" p1="-440 360 -960" p2="-440 360 -1040" p3="-440 440 -1040" bp="440 440 -960" height="-880" emission="0 20 20" material="0.7 0.9 30"/>
        <cube p0="-440 -440 -960" p1="-440 -360 -960" p2="-440 -360 -1040" p3="-440 -440 -1040" bp="440 -440 -960" height="-880" emission="0 20 20" material="0.7 0.9 30"/>
        <cube p0="-440 -440 -960" p1="-360 -440 -960" p2="-360 -440 -1040" p3="-440 -440 -1040" bp="-440 440 -960" height="-880" emission="0 20 20" material="0.7 0.9 30"/>
	    <cube p0="440 -440 -960" p1="360 -440 -960" p2="360 -440 -1040" p3="440 -440 -1040" bp="440 440 -960" height="-880" emission="0 20 20" material="0.7 0.9 30"/>

		<cube p0="-440 440 -1760" p1="-440 360 -1760" p2="-440 360 -1840" p3="-440 440 -1840" bp="440 440 -1760" height="-880" emission="0 20 20" material="0.7 0.9 30"/>
        <cube p0="-440 -440 -1760" p1="-440 -360 -1760" p2="-440 -360 -1840" p3="-440 -440 -1840" bp="440 -440 -1760" height="-880" emission="0 20 20" material="0.7 0.9 30"/>
        <cube p0="-440 -440 -1760" p1="-360 -440 -1760" p2="-360 -440 -1840" p3="-440 -440 -1840" bp="-440 440 -1760" height="-880" emission="0 20 20" material="0.7 0.9 30"/>
	    <cube p0="440 -440 -1760" p1="360 -440 -1760" p2="360 -440 -1840" p3="440 -440 -1840" bp="440 440 -1760" height="-880" emission="0 20 20" material="0.7 0.9 30"/>

	    <cube p0="440 -440 -960" p1="360 -440 -960" p2="360 -360 -960" p3="440 -360 -960" bp="440 -440 -1760" height="-880" emission="0 20 20" material="0.7 0.9 30"/>
	    <cube p0="440 440 -960" p1="360 440 -960" p2="360 360 -960" p3="440 360 -960" bp="440 440 -1760" height="-880" emission="0 20 20" material="0.7 0.9 30"/>
	    <cube p0="-440 440 -960" p1="-360 440 -960" p2="-360 360 -960" p3="-440 360 -960" bp="-440 440 -1760" height="-880" emission="0 20 20" material="0.7 0.9 30"/>
	    <cube p0="-440 -440 -960" p1="-360 -440 -960" p2="-360 -360 -960" p3="-440 -360 -960" bp="-440 -440 -1760" height="-880" emission="0 20 20" material="0.7 0.9 30"/>

		<plane p="0 900 0" v="0 1 0" emission="80 80 80" material="0.2 0.4 30 0.4 0"/>
		<plane p="0 0 -2600" v="0 0 1" emission="60 60 60" material="0.2 0.4 30 0 0"/>
		<plane p="-1700 0 0" v="1 0 0" emission="60 60 60" material="0.2 0.4 30 0 0"/>
		
		<tube Ray-p="-0 0 -1400" Ray-v="0 1 0" radius="60" emission="20 20 0" material="0.7 0.9 30"/>
		<tube Ray-p="-0 0 -1400" Ray-v="1 0 0" radius="60" emission="20 20 0" material="0.7 0.9 30"/>
		<tube Ray-p="-0 0 -1400" Ray-v="0 0 1" radius="60" emission="20 20 0" material="0.7 0.9 30"/>


 </geometries>
</scene>
