
<scene name="images\\IMG_0026_Pipes" version="1.0"
        background-color="0 0 0"
        screen-width="50"
        screen-height="50">
		 <resolution
            screen-width="2000"
            screen-height="2000"/>
    <ambient-light color="255 255 255" ka="0.1"/>
	<directional-light color="100 100 100" direction="-0.8 0.3 -0.5"/>
	<directional-light color="120 30 30" direction="0 0.2 -1"/>

  <camera p0="2200 -2500 2200" vTo="0 0 -1" vUp="0 -1 0" Screen-dist="50"/>
    <rotate x="0" y="30" z="22"/>
    <geometries>
 
		<plane p="0 1200 0" v="0 1 0" emission="50 50 50" material="0.7 0.9 30 0.7 0"/>
		<plane p="0 0 -100000" v="0 0 1" emission="0 10 10" material="0.7 0.9 30 0.7 0"/>
	
		<tube Ray-p="-400 0 -1000" Ray-v="0 1 0" radius="60" emission="20 0 20" material="0.7 0.9 30"/>
		<tube Ray-p="-0 0 -1000" Ray-v="0 1 0" radius="60" emission="20 20 0" material="0.7 0.9 30"/>
		<tube Ray-p="400 0 -1000" Ray-v="0 1 0" radius="60" emission="0 20 20" material="0.7 0.9 30"/>

		
		<tube Ray-p="-400 0 -1400" Ray-v="0 1 0" radius="60" emission="20 20 0" material="0.7 0.9 30"/>
		<tube Ray-p="-0 0 -1400" Ray-v="0 1 0" radius="60" emission="20 0 20" material="0.7 0.9 30"/>
		<tube Ray-p="400 0 -1400" Ray-v="0 1 0" radius="60" emission="0 20 20" material="0.7 0.9 30"/>
		
	
		<tube Ray-p="-400 0 -1800" Ray-v="0 1 0" radius="60" emission="0 20 20" material="0.7 0.9 30"/>
		<tube Ray-p="-0 0 -1800" Ray-v="0 1 0" radius="60" emission="20 20 0" material="0.7 0.9 30"/>
		<tube Ray-p="400 0 -1800" Ray-v="0 1 0" radius="60" emission="20 0 20" material="0.7 0.9 30"/>
	
		<tube Ray-p="0 -800 -1000" Ray-v="1 0 0" radius="60" emission="20 20 0" material="0.7 0.9 30"/>
		<tube Ray-p="0 -400 -1000" Ray-v="1 0 0" radius="60" emission="20 20 0" material="0.7 0.9 30"/>
		<tube Ray-p="0 0 -1000" Ray-v="1 0 0" radius="60" emission="20 0 20" material="0.7 0.9 30"/>
		
		<tube Ray-p="0 -800 -1400" Ray-v="1 0 0" radius="60" emission="0 20 20" material="0.7 0.9 30"/>
		<tube Ray-p="0 -400 -1400" Ray-v="1 0 0" radius="60" emission="0 20 20" material="0.7 0.9 30"/>
		<tube Ray-p="0 0 -1400" Ray-v="1 0 0" radius="60" emission="20 0 20" material="0.7 0.9 30"/>
		
		<tube Ray-p="0 -800 -1800" Ray-v="1 0 0" radius="60" emission="20 0 20" material="0.7 0.9 30"/>
		<tube Ray-p="0 -400 -1800" Ray-v="1 0 0" radius="60" emission="20 20 0" material="0.7 0.9 30"/>
		<tube Ray-p="0 0 -1800" Ray-v="1 0 0" radius="60" emission="20 0 20" material="0.7 0.9 30"/>

		
		<tube Ray-p="-400 -800 0" Ray-v="0 0 1" radius="60" emission="20 20 0" material="0.7 0.9 30"/>
		<tube Ray-p="-400 -400 0" Ray-v="0 0 1" radius="60" emission="20 0 20" material="0.7 0.9 30"/>
		<tube Ray-p="-400 0 0" Ray-v="0 0 1" radius="60" emission="0 20 20" material="0.7 0.9 30"/>
		
		<tube Ray-p="0 -800 0" Ray-v="0 0 1" radius="60" emission="0 20 20" material="0.7 0.9 30"/>
		<tube Ray-p="0 -400 0" Ray-v="0 0 1" radius="60" emission="20 0 20" material="0.7 0.9 30"/>
		<tube Ray-p="0 0 0" Ray-v="0 0 1" radius="60" emission="20 20 0" material="0.7 0.9 30"/>
		
		<tube Ray-p="400 -800 0" Ray-v="0 0 1" radius="60" emission="20 0 20" material="0.7 0.9 30"/>
		<tube Ray-p="400 -400 0" Ray-v="0 0 1" radius="60" emission="20 0 20" material="0.7 0.9 30"/>
		<tube Ray-p="400 0 0" Ray-v="0 0 1" radius="60" emission="20 20 0" material="0.7 0.9 30"/>




 </geometries>
</scene>
