
<scene name="images\\IMG_0018_PointLightRoom" version="1.0"
        background-color="0 0 0"
        screen-width="600"
        screen-height="600">
	<resolution 
		screen-width="2000"
        screen-height="2000"/>
    <ambient-light color="20 20 20" ka="0"/>
    <directional-light color="100 100 100" direction="1 1 -1"/>

    <point-light color="200 200 200" position="-200 -200 50" kc="0.00001" kl="0.003" kq="0.000008" />
    <camera p0="0 0 0" vTo="0 0 -1" vUp="0 -1 0" Screen-dist="50"/>
    <geometries>        
		<plane p="0 3000 0" v="0 1 0" emission="50 0 0" material="0.9 0.5 2"/>
		<plane p="0 -3000 0" v="0 1 0" emission="0 50 0" material="0.9 0.5 2"/>
		<plane p="3000 0 0" v="1 0 0" emission="25 25 0" material="0.9 0.5 2"/>
		<plane p="-3000 0 0" v="1 0 0" emission="0 25 25" material="0.9 0.5 2"/>
		<plane p="0 0 -1000" v="0 0 1" emission="0 0 50" material="0.9 0.5 2"/>

        <tube Ray-p="0 0 -560" Ray-v="1 0 0" radius="300" emission="80 30 0" material="0.9 0.5 30"/>

        <sphere center="0 0 -2000" radius="1800" emission="100 0 0" material="0.9 0.5 30"/>
    </geometries>
</scene>
