
<scene name="images\\IMG_0009_Emission" version="1.0"
        background-color="0 0 0"
        screen-width="500"
        screen-height="500">
    <ambient-light color="50 50 50" ka="1.0"/>
    <camera p0="0 0 0" vTo="0 0 -1" vUp="0 -1 0" Screen-dist="50"/>
    <grid/>
    <geometries>
        <sphere center="0 0 -50" radius="50" emission="0 0 0" material="1 1 1"/>
        <triangle p0="100 0 -50" p1="0 100 -50" p2="100 100 -50" emission="255 0 0" material="1 1 1"/>
        <triangle p0="-100 0 -50" p1="0 100 -50" p2="-100 100 -50" emission="0 0 255" material="1 1 1"/>
        <triangle p0="100 0 -50" p1="0 -100 -50" p2="100 -100 -50" emission="0 255 0" material="1 1 1"/>
        <triangle p0="-100 0 -50" p1="0 -100 -50" p2="-100 -100 -50" emission="0 0 0" material="1 1 1"/>
    </geometries>
</scene>
