
<scene name="images\\IMG_0019_PointHorizon" version="1.0"
        background-color="0 0 0"
        screen-width="500"
        screen-height="500">
    <resolution
            screen-width="2000"
            screen-height="2000"/>
    <ambient-light color="20 20 20" ka="0"/>
    <point-light color="255 255 255" position="-300 200 50" kc="0.00001" kl="0.003" kq="0.000008" />
    <point-light color="255 255 255" position="300 200 50" kc="0.00001" kl="0.003" kq="0.000008" />
    <camera p0="0 0 0" vTo="0 0 -1" vUp="0 -1 0" Screen-dist="50"/>
    <geometries>        
		<plane p="0 500 0" v="0 1 0" emission="100 56 8" material="0.9 0.5 10"/>

        <sphere center="0 500 -2000" radius="1800" emission="100 0 0" material="0.9 0.5 30"/>
    </geometries>
</scene>
