
<scene name="images\\IMG_0028_PlanePoint" version="1.0"
        background-color="0 0 0"
        screen-width="500"
        screen-height="500">
    <resolution
            screen-width="1000"
            screen-height="1000"/>
    <ambient-light color="50 50 50" ka="0"/>
    <point-light color="230 80 80" position="100 -100 100" kc="0" kl="0.0000001" kq="0.00001" />
    <camera p0="0 0 0" vTo="0 0 -1" vUp="0 -1 0" Screen-dist="50"/>
	<rotate x="0" y="0" z="-3" />

    <geometries>
        <triangle p0="1000 1000 -100" p1="1000 -1000 -300" p2="-1000 1000 -300" emission="50 0 0" material="0.9 0.9 20"/>
        <triangle p0="-1000 -1000 -100" p1="1000 -1000 -300" p2="-1000 1000 -300" emission="50 0 0" material="0.9 0.9 20"/>
		<sphere center="0 0 -200" radius="100" emission="0 100 0" material="0.6 0.9 30 0 0"/>

    </geometries>
</scene>
